"id","fdc_id","seq_num","amount","measure_unit_id","portion_description","modifier","gram_weight","data_points","footnote","min_year_acquired"
"93515","173944","5","1","9999","","medium (7"" to 7-7/8"" long)","118","","",""
"93511","173944","1","1","9999","","cup, mashed","225","","",""
"100001","171077","1","1","9999","","oz","28.35","","",""
"100002","171079","1","1","9999","","oz","28.35","","",""
"100003","168875","1","1","1000","","cup","185","","",""
"100004","168878","1","1","1000","","cup","195","","",""
"100005","173410","1","1","1000","","cup","244","","",""
"100006","171413","1","1","9999","","tablespoon","13.5","","",""
"100007","173735","1","1","1000","","cup","172","","",""
"100008","175167","1","1","9999","","fillet","154","","",""
"100009","170379","1","1","1000","","cup chopped","91","","",""
"100010","170567","1","1","9999","","oz (23 whole kernels)","28.35","","",""
"100011","171890","1","1","1000","","cup (8 fl oz)","237","","",""
"100012","173468","1","1","9999","","tsp","6","","",""
