"fdc_id","data_type","description","food_category_id","publication_date"
"173944","sr_legacy_food","Bananas, raw","9","2019-04-01"
"171077","sr_legacy_food","Chicken, broiler or fryers, breast, skinless, boneless, meat only, raw","5","2019-04-01"
"171079","sr_legacy_food","Chicken, broilers or fryers, breast, skinless, boneless, meat only, cooked, roasted","5","2019-04-01"
"168875","sr_legacy_food","Rice, brown, long-grain, raw","20","2019-04-01"
"168878","sr_legacy_food","Rice, brown, long-grain, cooked","20","2019-04-01"
"173410","sr_legacy_food","Milk, whole, 3.25% milkfat, with added vitamin D","1","2019-04-01"
"171413","sr_legacy_food","Oil, olive, salad or cooking","4","2019-04-01"
"173735","sr_legacy_food","Beans, black, mature seeds, cooked, boiled, without salt","16","2019-04-01"
"175167","sr_legacy_food","Fish, salmon, Atlantic, wild, raw","17","2019-04-01"
"170379","sr_legacy_food","Broccoli, raw","11","2019-04-01"
"170567","sr_legacy_food","Nuts, almonds","12","2019-04-01"
"171890","sr_legacy_food","Beverages, coffee, brewed, prepared with tap water","14","2019-04-01"
"173468","sr_legacy_food","Spices, salt, table","2","2019-04-01"
