"id","fdc_id","nutrient_id","amount","data_points","derivation_id","min","max","median","footnote","min_year_acquired"
"1","748967","1003","12.4","1","1","","","","",""
"2","748967","1004","9.96","1","1","","","","",""
"3","748967","1005","0.96","1","1","","","","",""
"4","748967","1008","148.0","1","1","","","","",""
"5","748967","1079","0.0","1","1","","","","",""
"6","748967","1093","129.0","1","1","","","","",""
"7","748967","1253","411.0","1","1","","","","",""
"8","748967","1258","3.2","1","1","","","","",""
"9","748967","2047","143","1","1","","","","",""
